"REGION","LOCATION","INC","VAR","TIME","Value","Flag Codes"
"ASI","AUS","HIN","RPI_VAW_LAW","2019",0.75,
"ASI","AUS","HIN","RPI_VAW_ATT","2019",3.2,
"ASI","AUS","HIN","RPI_VAW_PRACT","2019",16.9,
"ASI","AUS","HIN","RPI_FGM_LAW","2019",0,
"ASI","AUS","HIN","RPI_MW_PRACT","2019",105.5,
"ASI","AUS","HIN","RPI_RA_LAW","2019",0,
"ASI","AUS","HIN","RPI_RA_PRACT","2019",11,
"EUR","AUT","HIN","RPI_VAW_LAW","2019",0.25,
"EUR","AUT","HIN","RPI_VAW_ATT","2019",3,
"EUR","AUT","HIN","RPI_VAW_PRACT","2019",13,
"EUR","AUT","HIN","RPI_FGM_LAW","2019",0,
"EUR","AUT","HIN","RPI_MW_PRACT","2019",106.2,
"EUR","AUT","HIN","RPI_RA_LAW","2019",0,
"EUR","AUT","HIN","RPI_RA_PRACT","2019",10,
"EUR","BEL","HIN","RPI_VAW_LAW","2019",0.5,
"EUR","BEL","HIN","RPI_VAW_ATT","2019",2,
"EUR","BEL","HIN","RPI_VAW_PRACT","2019",24,
"EUR","BEL","HIN","RPI_FGM_LAW","2019",0,
"EUR","BEL","HIN","RPI_MW_PRACT","2019",104.7,
"EUR","BEL","HIN","RPI_RA_LAW","2019",0,
"EUR","BEL","HIN","RPI_RA_PRACT","2019",7,
"AME","CAN","HIN","RPI_VAW_LAW","2019",0.25,
"AME","CAN","HIN","RPI_VAW_ATT","2019",7.8,
"AME","CAN","HIN","RPI_VAW_PRACT","2019",1.9,
"AME","CAN","HIN","RPI_FGM_LAW","2019",0.25,
"AME","CAN","HIN","RPI_MW_PRACT","2019",105.1,
"AME","CAN","HIN","RPI_RA_LAW","2019",0,
"AME","CAN","HIN","RPI_RA_PRACT","2019",7,
"EUR","CZE","HIN","RPI_VAW_LAW","2019",0.75,
"EUR","CZE","HIN","RPI_VAW_ATT","2019",2,
"EUR","CZE","HIN","RPI_VAW_PRACT","2019",21,
"EUR","CZE","HIN","RPI_FGM_LAW","2019",1,
"EUR","CZE","HIN","RPI_MW_PRACT","2019",105.7,
"EUR","CZE","HIN","RPI_RA_LAW","2019",0,
"EUR","CZE","HIN","RPI_RA_PRACT","2019",4.3,
"EUR","DNK","HIN","RPI_VAW_LAW","2019",0.5,
"EUR","DNK","HIN","RPI_VAW_ATT","2019",0,
"EUR","DNK","HIN","RPI_VAW_PRACT","2019",32,
"EUR","DNK","HIN","RPI_FGM_LAW","2019",0.75,
"EUR","DNK","HIN","RPI_MW_PRACT","2019",105.4,
"EUR","DNK","HIN","RPI_RA_LAW","2019",0,
"EUR","DNK","HIN","RPI_RA_PRACT","2019",10,
"EUR","FIN","HIN","RPI_VAW_LAW","2019",0.75,
"EUR","FIN","HIN","RPI_VAW_ATT","2019",11.2,
"EUR","FIN","HIN","RPI_VAW_PRACT","2019",30,
"EUR","FIN","HIN","RPI_FGM_LAW","2019",1,
"EUR","FIN","HIN","RPI_MW_PRACT","2019",104.8,
"EUR","FIN","HIN","RPI_RA_LAW","2019",0.25,
"EUR","FIN","HIN","RPI_RA_PRACT","2019",8,
"EUR","FRA","HIN","RPI_VAW_LAW","2019",0.25,
"EUR","FRA","HIN","RPI_VAW_ATT","2019",6.6,
"EUR","FRA","HIN","RPI_VAW_PRACT","2019",26,
"EUR","FRA","HIN","RPI_FGM_LAW","2019",0.25,
"EUR","FRA","HIN","RPI_MW_PRACT","2019",105.1,
"EUR","FRA","HIN","RPI_RA_LAW","2019",0,
"EUR","FRA","HIN","RPI_RA_PRACT","2019",4,
"EUR","DEU","HIN","RPI_VAW_LAW","2019",0.75,
"EUR","DEU","HIN","RPI_VAW_ATT","2019",19.6,
"EUR","DEU","HIN","RPI_VAW_PRACT","2019",22,
"EUR","DEU","HIN","RPI_FGM_LAW","2019",0.25,
"EUR","DEU","HIN","RPI_MW_PRACT","2019",105.5,
"EUR","DEU","HIN","RPI_RA_LAW","2019",0,
"EUR","DEU","HIN","RPI_RA_PRACT","2019",10,
"EUR","GRC","HIN","RPI_VAW_LAW","2019",0.25,
"EUR","GRC","HIN","RPI_VAW_ATT","2019",2,
"EUR","GRC","HIN","RPI_VAW_PRACT","2019",19,
"EUR","GRC","HIN","RPI_FGM_LAW","2019",1,
"EUR","GRC","HIN","RPI_MW_PRACT","2019",106.7,
"EUR","GRC","HIN","RPI_RA_LAW","2019",0,
"EUR","GRC","HIN","RPI_RA_PRACT","2019",10,
"EUR","HUN","HIN","RPI_VAW_LAW","2019",0.75,
"EUR","HUN","HIN","RPI_VAW_ATT","2019",8.7,
"EUR","HUN","HIN","RPI_VAW_PRACT","2019",21,
"EUR","HUN","HIN","RPI_FGM_LAW","2019",1,
"EUR","HUN","HIN","RPI_MW_PRACT","2019",105.8,
"EUR","HUN","HIN","RPI_RA_LAW","2019",0.25,
"EUR","HUN","HIN","RPI_RA_PRACT","2019",9,
"EUR","ISL","HIN","RPI_VAW_LAW","2019",0.25,
"EUR","ISL","HIN","RPI_VAW_PRACT","2019",22.4,
"EUR","ISL","HIN","RPI_FGM_LAW","2019",0.75,
"EUR","ISL","HIN","RPI_MW_PRACT","2019",103.2,
"EUR","ISL","HIN","RPI_RA_LAW","2019",0.25,
"EUR","IRL","HIN","RPI_VAW_LAW","2019",0.25,
"EUR","IRL","HIN","RPI_VAW_ATT","2019",1,
"EUR","IRL","HIN","RPI_VAW_PRACT","2019",15,
"EUR","IRL","HIN","RPI_FGM_LAW","2019",0,
"EUR","IRL","HIN","RPI_MW_PRACT","2019",105.5,
"EUR","IRL","HIN","RPI_RA_LAW","2019",0.75,
"EUR","IRL","HIN","RPI_RA_PRACT","2019",11,
"EUR","ITA","HIN","RPI_VAW_LAW","2019",0.75,
"EUR","ITA","HIN","RPI_VAW_ATT","2019",5.3,
"EUR","ITA","HIN","RPI_VAW_PRACT","2019",19,
"EUR","ITA","HIN","RPI_FGM_LAW","2019",0.25,
"EUR","ITA","HIN","RPI_MW_PRACT","2019",106.2,
"EUR","ITA","HIN","RPI_RA_LAW","2019",0,
"EUR","ITA","HIN","RPI_RA_PRACT","2019",11,
"ASI","JPN","HIN","RPI_VAW_LAW","2019",0.75,
"ASI","JPN","HIN","RPI_VAW_ATT","2019",8.9,
"ASI","JPN","HIN","RPI_VAW_PRACT","2019",15.4,
"ASI","JPN","HIN","RPI_FGM_LAW","2019",1,
"ASI","JPN","HIN","RPI_MW_PRACT","2019",105.6,
"ASI","JPN","HIN","RPI_RA_LAW","2019",0.5,
"ASI","JPN","HIN","RPI_RA_PRACT","2019",20,
"ASI","KOR","HIN","RPI_VAW_LAW","2019",0.25,
"ASI","KOR","HIN","RPI_VAW_ATT","2019",18.4,
"ASI","KOR","HIN","RPI_VAW_PRACT","2019",16.5,
"ASI","KOR","HIN","RPI_FGM_LAW","2019",1,
"ASI","KOR","HIN","RPI_MW_PRACT","2019",106.9,
"ASI","KOR","HIN","RPI_RA_LAW","2019",0.5,
"ASI","KOR","HIN","RPI_RA_PRACT","2019",6,
"EUR","LUX","HIN","RPI_VAW_LAW","2019",0.75,
"EUR","LUX","HIN","RPI_VAW_ATT","2019",2,
"EUR","LUX","HIN","RPI_VAW_PRACT","2019",22,
"EUR","LUX","HIN","RPI_FGM_LAW","2019",1,
"EUR","LUX","HIN","RPI_MW_PRACT","2019",106,
"EUR","LUX","HIN","RPI_RA_LAW","2019",0,
"EUR","NLD","HIN","RPI_VAW_LAW","2019",0.75,
"EUR","NLD","HIN","RPI_VAW_ATT","2019",6.4,
"EUR","NLD","HIN","RPI_VAW_PRACT","2019",25,
"EUR","NLD","HIN","RPI_FGM_LAW","2019",0.25,
"EUR","NLD","HIN","RPI_MW_PRACT","2019",105.5,
"EUR","NLD","HIN","RPI_RA_LAW","2019",0,
"EUR","NLD","HIN","RPI_RA_PRACT","2019",8,
"ASI","NZL","HIN","RPI_VAW_LAW","2019",0.75,
"ASI","NZL","HIN","RPI_VAW_ATT","2019",7.7,
"ASI","NZL","HIN","RPI_VAW_PRACT","2019",35,
"ASI","NZL","HIN","RPI_FGM_LAW","2019",0,
"ASI","NZL","HIN","RPI_MW_PRACT","2019",105.4,
"ASI","NZL","HIN","RPI_RA_LAW","2019",0.25,
"ASI","NZL","HIN","RPI_RA_PRACT","2019",9,
"EUR","NOR","HIN","RPI_VAW_LAW","2019",0.25,
"EUR","NOR","HIN","RPI_VAW_ATT","2019",9.9,
"EUR","NOR","HIN","RPI_VAW_PRACT","2019",27,
"EUR","NOR","HIN","RPI_FGM_LAW","2019",0.25,
"EUR","NOR","HIN","RPI_MW_PRACT","2019",105.3,
"EUR","NOR","HIN","RPI_RA_LAW","2019",0,
"EUR","NOR","HIN","RPI_RA_PRACT","2019",6,
"EUR","POL","HIN","RPI_VAW_LAW","2019",0.75,
"EUR","POL","HIN","RPI_VAW_ATT","2019",7.9,
"EUR","POL","HIN","RPI_VAW_PRACT","2019",13,
"EUR","POL","HIN","RPI_FGM_LAW","2019",1,
"EUR","POL","HIN","RPI_MW_PRACT","2019",105.5,
"EUR","POL","HIN","RPI_RA_LAW","2019",0.5,
"EUR","POL","HIN","RPI_RA_PRACT","2019",10,
"EUR","PRT","HIN","RPI_VAW_LAW","2019",0.25,
"EUR","PRT","HIN","RPI_VAW_ATT","2019",2,
"EUR","PRT","HIN","RPI_VAW_PRACT","2019",19,
"EUR","PRT","HIN","RPI_FGM_LAW","2019",0.25,
"EUR","PRT","HIN","RPI_MW_PRACT","2019",106,
"EUR","PRT","HIN","RPI_RA_LAW","2019",0,
"EUR","PRT","HIN","RPI_RA_PRACT","2019",8,
"EUR","SVK","HIN","RPI_VAW_LAW","2019",0.25,
"EUR","SVK","HIN","RPI_VAW_ATT","2019",5,
"EUR","SVK","HIN","RPI_VAW_PRACT","2019",23,
"EUR","SVK","HIN","RPI_FGM_LAW","2019",1,
"EUR","SVK","HIN","RPI_MW_PRACT","2019",104.7,
"EUR","SVK","HIN","RPI_RA_LAW","2019",0,
"EUR","SVK","HIN","RPI_RA_PRACT","2019",9,
"EUR","ESP","HIN","RPI_VAW_LAW","2019",0.5,
"EUR","ESP","HIN","RPI_VAW_ATT","2019",9.6,
"EUR","ESP","HIN","RPI_VAW_PRACT","2019",13,
"EUR","ESP","HIN","RPI_FGM_LAW","2019",0.25,
"EUR","ESP","HIN","RPI_MW_PRACT","2019",106.4,
"EUR","ESP","HIN","RPI_RA_LAW","2019",0,
"EUR","ESP","HIN","RPI_RA_PRACT","2019",12,
"EUR","SWE","HIN","RPI_VAW_LAW","2019",0.25,
"EUR","SWE","HIN","RPI_VAW_ATT","2019",10.2,
"EUR","SWE","HIN","RPI_VAW_PRACT","2019",28,
"EUR","SWE","HIN","RPI_FGM_LAW","2019",0,
"EUR","SWE","HIN","RPI_MW_PRACT","2019",105.5,
"EUR","SWE","HIN","RPI_RA_LAW","2019",0,
"EUR","SWE","HIN","RPI_RA_PRACT","2019",10,
"EUR","CHE","HIN","RPI_VAW_LAW","2019",0.75,
"EUR","CHE","HIN","RPI_VAW_ATT","2019",15.2,
"EUR","CHE","HIN","RPI_VAW_PRACT","2019",9.8,
"EUR","CHE","HIN","RPI_FGM_LAW","2019",0.25,
"EUR","CHE","HIN","RPI_MW_PRACT","2019",105.7,
"EUR","CHE","HIN","RPI_RA_LAW","2019",0,
"EUR","CHE","HIN","RPI_RA_PRACT","2019",8,
"EUR","GBR","HIN","RPI_VAW_LAW","2019",0.75,
"EUR","GBR","HIN","RPI_VAW_ATT","2019",10.2,
"EUR","GBR","HIN","RPI_VAW_PRACT","2019",29,
"EUR","GBR","HIN","RPI_FGM_LAW","2019",0,
"EUR","GBR","HIN","RPI_MW_PRACT","2019",104.9,
"EUR","GBR","HIN","RPI_RA_LAW","2019",0.75,
"EUR","GBR","HIN","RPI_RA_PRACT","2019",6,
"AME","USA","HIN","RPI_VAW_LAW","2019",0.5,
"AME","USA","HIN","RPI_VAW_ATT","2019",11,
"AME","USA","HIN","RPI_VAW_PRACT","2019",35.6,
"AME","USA","HIN","RPI_FGM_LAW","2019",0,
"AME","USA","HIN","RPI_MW_PRACT","2019",104.6,
"AME","USA","HIN","RPI_RA_LAW","2019",0,
"AME","USA","HIN","RPI_RA_PRACT","2019",9,
"AME","ATG","HIN","RPI_VAW_LAW","2019",0.75,
"AME","ATG","HIN","RPI_FGM_LAW","2019",1,
"AME","ATG","HIN","RPI_MW_PRACT","2019",101.1,
"AME","ATG","HIN","RPI_RA_LAW","2019",0.75,
"AME","ATG","HIN","RPI_RA_PRACT","2019",13,
"AME","ARG","HIN","RPI_VAW_LAW","2019",0.75,
"AME","ARG","HIN","RPI_VAW_ATT","2019",11.6,
"AME","ARG","HIN","RPI_FGM_LAW","2019",1,
"AME","ARG","HIN","RPI_MW_PRACT","2019",103.6,
"AME","ARG","HIN","RPI_RA_LAW","2019",0.5,
"AME","ARG","HIN","RPI_RA_PRACT","2019",9,
"AME","BHS","HIN","RPI_VAW_LAW","2019",0.5,
"AME","BHS","HIN","RPI_FGM_LAW","2019",1,
"AME","BHS","HIN","RPI_MW_PRACT","2019",105.4,
"AME","BHS","HIN","RPI_RA_LAW","2019",0.25,
"AME","BHS","HIN","RPI_RA_PRACT","2019",12,
"ASI","BHR","HIN","RPI_VAW_LAW","2019",0.75,
"ASI","BHR","HIN","RPI_FGM_LAW","2019",1,
"ASI","BHR","HIN","RPI_MW_PRACT","2019",105.7,
"ASI","BHR","HIN","RPI_RA_LAW","2019",0,
"ASI","BHR","HIN","RPI_RA_PRACT","2019",12,
"AME","BRB","HIN","RPI_VAW_LAW","2019",0.75,
"AME","BRB","HIN","RPI_VAW_ATT","2019",3.3,
"AME","BRB","HIN","RPI_FGM_LAW","2019",1,
"AME","BRB","HIN","RPI_MW_PRACT","2019",102.5,
"AME","BRB","HIN","RPI_RA_LAW","2019",0.25,
"AME","BRB","HIN","RPI_RA_PRACT","2019",19.9,
"ASI","BRN","HIN","RPI_VAW_LAW","2019",0.75,
"ASI","BRN","HIN","RPI_FGM_LAW","2019",1,
"ASI","BRN","HIN","RPI_MW_PRACT","2019",105.4,
"ASI","BRN","HIN","RPI_RA_LAW","2019",0.75,
"AME","CHL","HIN","RPI_VAW_LAW","2019",0.75,
"AME","CHL","HIN","RPI_VAW_ATT","2019",10.3,
"AME","CHL","HIN","RPI_VAW_PRACT","2019",6.7,
"AME","CHL","HIN","RPI_FGM_LAW","2019",1,
"AME","CHL","HIN","RPI_MW_PRACT","2019",103.9,
"AME","CHL","HIN","RPI_RA_LAW","2019",0.5,
"AME","CHL","HIN","RPI_RA_PRACT","2019",13,
"EUR","HRV","HIN","RPI_VAW_LAW","2019",0.25,
"EUR","HRV","HIN","RPI_VAW_ATT","2019",4.4,
"EUR","HRV","HIN","RPI_VAW_PRACT","2019",13,
"EUR","HRV","HIN","RPI_FGM_LAW","2019",0,
"EUR","HRV","HIN","RPI_MW_PRACT","2019",105.8,
"EUR","HRV","HIN","RPI_RA_LAW","2019",0,
"EUR","HRV","HIN","RPI_RA_PRACT","2019",11,
"ASI","CYP","HIN","RPI_VAW_LAW","2019",0.25,
"ASI","CYP","HIN","RPI_VAW_ATT","2019",10.5,
"ASI","CYP","HIN","RPI_VAW_PRACT","2019",15,
"ASI","CYP","HIN","RPI_FGM_LAW","2019",0.75,
"ASI","CYP","HIN","RPI_MW_PRACT","2019",106.3,
"ASI","CYP","HIN","RPI_RA_LAW","2019",0.25,
"ASI","CYP","HIN","RPI_RA_PRACT","2019",8,
"EUR","EST","HIN","RPI_VAW_LAW","2019",0.25,
"EUR","EST","HIN","RPI_VAW_ATT","2019",16.9,
"EUR","EST","HIN","RPI_VAW_PRACT","2019",20,
"EUR","EST","HIN","RPI_FGM_LAW","2019",0.75,
"EUR","EST","HIN","RPI_MW_PRACT","2019",105.1,
"EUR","EST","HIN","RPI_RA_LAW","2019",0,
"EUR","EST","HIN","RPI_RA_PRACT","2019",12,
"ASI","HKG","HIN","RPI_VAW_LAW","2019",0.75,
"ASI","HKG","HIN","RPI_VAW_ATT","2019",26,
"ASI","HKG","HIN","RPI_VAW_PRACT","2019",9.4,
"ASI","HKG","HIN","RPI_FGM_LAW","2019",1,
"ASI","HKG","HIN","RPI_MW_PRACT","2019",108.1,
"ASI","HKG","HIN","RPI_RA_LAW","2019",0.25,
"ASI","HKG","HIN","RPI_RA_PRACT","2019",7,
"ASI","ISR","HIN","RPI_VAW_LAW","2019",0.75,
"ASI","ISR","HIN","RPI_FGM_LAW","2019",1,
"ASI","ISR","HIN","RPI_MW_PRACT","2019",105.6,
"ASI","ISR","HIN","RPI_RA_LAW","2019",0.25,
"ASI","ISR","HIN","RPI_RA_PRACT","2019",9,
"ASI","KWT","HIN","RPI_VAW_LAW","2019",0.75,
"ASI","KWT","HIN","RPI_VAW_ATT","2019",37,
"ASI","KWT","HIN","RPI_FGM_LAW","2019",1,
"ASI","KWT","HIN","RPI_MW_PRACT","2019",104.8,
"ASI","KWT","HIN","RPI_RA_LAW","2019",0.75,
"ASI","KWT","HIN","RPI_RA_PRACT","2019",16,
"EUR","LVA","HIN","RPI_VAW_LAW","2019",0.75,
"EUR","LVA","HIN","RPI_VAW_ATT","2019",2,
"EUR","LVA","HIN","RPI_VAW_PRACT","2019",32,
"EUR","LVA","HIN","RPI_FGM_LAW","2019",1,
"EUR","LVA","HIN","RPI_MW_PRACT","2019",105.9,
"EUR","LVA","HIN","RPI_RA_LAW","2019",0,
"EUR","LVA","HIN","RPI_RA_PRACT","2019",16.8,
"EUR","LTU","HIN","RPI_VAW_LAW","2019",0.5,
"EUR","LTU","HIN","RPI_VAW_ATT","2019",2,
"EUR","LTU","HIN","RPI_VAW_PRACT","2019",24,
"EUR","LTU","HIN","RPI_FGM_LAW","2019",1,
"EUR","LTU","HIN","RPI_MW_PRACT","2019",105.1,
"EUR","LTU","HIN","RPI_RA_LAW","2019",0,
"EUR","LTU","HIN","RPI_RA_PRACT","2019",13,
"EUR","MLT","HIN","RPI_VAW_LAW","2019",0.25,
"EUR","MLT","HIN","RPI_VAW_ATT","2019",0,
"EUR","MLT","HIN","RPI_VAW_PRACT","2019",15,
"EUR","MLT","HIN","RPI_FGM_LAW","2019",0,
"EUR","MLT","HIN","RPI_MW_PRACT","2019",107.7,
"EUR","MLT","HIN","RPI_RA_LAW","2019",1,
"EUR","MLT","HIN","RPI_RA_PRACT","2019",5,
"ASI","OMN","HIN","RPI_VAW_LAW","2019",0.75,
"ASI","OMN","HIN","RPI_VAW_ATT","2019",7.9,
"ASI","OMN","HIN","RPI_FGM_LAW","2019",1,
"ASI","OMN","HIN","RPI_MW_PRACT","2019",104.9,
"ASI","OMN","HIN","RPI_RA_LAW","2019",0.75,
"ASI","OMN","HIN","RPI_RA_PRACT","2019",17.8,
"AME","PAN","HIN","RPI_VAW_LAW","2019",0.25,
"AME","PAN","HIN","RPI_VAW_ATT","2019",5.7,
"AME","PAN","HIN","RPI_FGM_LAW","2019",1,
"AME","PAN","HIN","RPI_MW_PRACT","2019",104.3,
"AME","PAN","HIN","RPI_RA_LAW","2019",0.5,
"AME","PAN","HIN","RPI_RA_PRACT","2019",16.4,
"ASI","QAT","HIN","RPI_VAW_LAW","2019",0.75,
"ASI","QAT","HIN","RPI_VAW_ATT","2019",6.6,
"ASI","QAT","HIN","RPI_FGM_LAW","2019",1,
"ASI","QAT","HIN","RPI_MW_PRACT","2019",104.8,
"ASI","QAT","HIN","RPI_RA_LAW","2019",0.75,
"ASI","QAT","HIN","RPI_RA_PRACT","2019",12.4,
"ASI","SAU","HIN","RPI_VAW_LAW","2019",0.75,
"ASI","SAU","HIN","RPI_FGM_LAW","2019",1,
"ASI","SAU","HIN","RPI_MW_PRACT","2019",102.9,
"ASI","SAU","HIN","RPI_RA_LAW","2019",0.75,
"ASI","SAU","HIN","RPI_RA_PRACT","2019",27,
"AFR","SYC","HIN","RPI_VAW_LAW","2019",0.75,
"AFR","SYC","HIN","RPI_FGM_LAW","2019",1,
"AFR","SYC","HIN","RPI_MW_PRACT","2019",104.6,
"AFR","SYC","HIN","RPI_RA_LAW","2019",0.25,
"ASI","SGP","HIN","RPI_VAW_LAW","2019",0.5,
"ASI","SGP","HIN","RPI_VAW_ATT","2019",40.5,
"ASI","SGP","HIN","RPI_VAW_PRACT","2019",6.1,
"ASI","SGP","HIN","RPI_FGM_LAW","2019",1,
"ASI","SGP","HIN","RPI_MW_PRACT","2019",106.8,
"ASI","SGP","HIN","RPI_RA_LAW","2019",0,
"ASI","SGP","HIN","RPI_RA_PRACT","2019",11,
"EUR","SVN","HIN","RPI_VAW_LAW","2019",0.25,
"EUR","SVN","HIN","RPI_VAW_ATT","2019",15.8,
"EUR","SVN","HIN","RPI_VAW_PRACT","2019",13,
"EUR","SVN","HIN","RPI_FGM_LAW","2019",1,
"EUR","SVN","HIN","RPI_MW_PRACT","2019",105.5,
"EUR","SVN","HIN","RPI_RA_LAW","2019",0,
"EUR","SVN","HIN","RPI_RA_PRACT","2019",9.2,
"ASI","TWN","HIN","RPI_VAW_LAW","2019",0.25,
"ASI","TWN","HIN","RPI_VAW_ATT","2019",21.6,
"ASI","TWN","HIN","RPI_FGM_LAW","2019",1,
"ASI","TWN","HIN","RPI_MW_PRACT","2019",108.8,
"ASI","TWN","HIN","RPI_RA_LAW","2019",0.75,
"AME","TTO","HIN","RPI_VAW_LAW","2019",0.75,
"AME","TTO","HIN","RPI_VAW_ATT","2019",9.9,
"AME","TTO","HIN","RPI_VAW_PRACT","2019",30.2,
"AME","TTO","HIN","RPI_FGM_LAW","2019",0.75,
"AME","TTO","HIN","RPI_MW_PRACT","2019",103.2,
"AME","TTO","HIN","RPI_RA_LAW","2019",0.75,
"AME","TTO","HIN","RPI_RA_PRACT","2019",24.3,
"ASI","ARE","HIN","RPI_VAW_LAW","2019",0.75,
"ASI","ARE","HIN","RPI_FGM_LAW","2019",1,
"ASI","ARE","HIN","RPI_MW_PRACT","2019",104.3,
"ASI","ARE","HIN","RPI_RA_LAW","2019",0.75,
"ASI","ARE","HIN","RPI_RA_PRACT","2019",18,
"AME","URY","HIN","RPI_VAW_LAW","2019",0.75,
"AME","URY","HIN","RPI_VAW_ATT","2019",1.5,
"AME","URY","HIN","RPI_VAW_PRACT","2019",14.8,
"AME","URY","HIN","RPI_FGM_LAW","2019",1,
"AME","URY","HIN","RPI_MW_PRACT","2019",104.3,
"AME","URY","HIN","RPI_RA_LAW","2019",0,
"AME","URY","HIN","RPI_RA_PRACT","2019",7,
"AME","MEX","UMI","RPI_VAW_LAW","2019",0.5,
"AME","MEX","UMI","RPI_VAW_ATT","2019",5,
"AME","MEX","UMI","RPI_VAW_PRACT","2019",14.1,
"AME","MEX","UMI","RPI_FGM_LAW","2019",1,
"AME","MEX","UMI","RPI_MW_PRACT","2019",104.5,
"AME","MEX","UMI","RPI_RA_LAW","2019",0.5,
"AME","MEX","UMI","RPI_RA_PRACT","2019",13,
"ASI","TUR","UMI","RPI_VAW_LAW","2019",0.25,
"ASI","TUR","UMI","RPI_VAW_ATT","2019",13.3,
"ASI","TUR","UMI","RPI_VAW_PRACT","2019",38,
"ASI","TUR","UMI","RPI_FGM_LAW","2019",1,
"ASI","TUR","UMI","RPI_MW_PRACT","2019",104.8,
"ASI","TUR","UMI","RPI_RA_LAW","2019",0,
"ASI","TUR","UMI","RPI_RA_PRACT","2019",5.9,
"EUR","ALB","UMI","RPI_VAW_LAW","2019",0.5,
"EUR","ALB","UMI","RPI_VAW_ATT","2019",29.8,
"EUR","ALB","UMI","RPI_VAW_PRACT","2019",24.6,
"EUR","ALB","UMI","RPI_FGM_LAW","2019",1,
"EUR","ALB","UMI","RPI_MW_PRACT","2019",107.2,
"EUR","ALB","UMI","RPI_RA_LAW","2019",0,
"EUR","ALB","UMI","RPI_RA_PRACT","2019",12.9,
"AFR","DZA","UMI","RPI_VAW_LAW","2019",0.5,
"AFR","DZA","UMI","RPI_VAW_ATT","2019",48.2,
"AFR","DZA","UMI","RPI_FGM_LAW","2019",1,
"AFR","DZA","UMI","RPI_MW_PRACT","2019",104.3,
"AFR","DZA","UMI","RPI_RA_LAW","2019",0.75,
"AFR","DZA","UMI","RPI_RA_PRACT","2019",7,
"ASI","ARM","UMI","RPI_VAW_LAW","2019",0.75,
"ASI","ARM","UMI","RPI_VAW_ATT","2019",10.1,
"ASI","ARM","UMI","RPI_VAW_PRACT","2019",8.2,
"ASI","ARM","UMI","RPI_FGM_LAW","2019",1,
"ASI","ARM","UMI","RPI_MW_PRACT","2019",113.4,
"ASI","ARM","UMI","RPI_RA_LAW","2019",0,
"ASI","ARM","UMI","RPI_RA_PRACT","2019",12.5,
"ASI","AZE","UMI","RPI_VAW_LAW","2019",0.75,
"ASI","AZE","UMI","RPI_VAW_ATT","2019",28,
"ASI","AZE","UMI","RPI_VAW_PRACT","2019",13.5,
"ASI","AZE","UMI","RPI_FGM_LAW","2019",1,
"ASI","AZE","UMI","RPI_MW_PRACT","2019",115.2,
"ASI","AZE","UMI","RPI_RA_LAW","2019",0,
"ASI","AZE","UMI","RPI_RA_PRACT","2019",15.4,
"EUR","BLR","UMI","RPI_VAW_LAW","2019",0.75,
"EUR","BLR","UMI","RPI_VAW_ATT","2019",4.1,
"EUR","BLR","UMI","RPI_VAW_PRACT","2019",25,
"EUR","BLR","UMI","RPI_FGM_LAW","2019",1,
"EUR","BLR","UMI","RPI_MW_PRACT","2019",106.2,
"EUR","BLR","UMI","RPI_RA_LAW","2019",0,
"EUR","BLR","UMI","RPI_RA_PRACT","2019",7,
"AME","BLZ","UMI","RPI_VAW_LAW","2019",0.75,
"AME","BLZ","UMI","RPI_VAW_ATT","2019",5.2,
"AME","BLZ","UMI","RPI_FGM_LAW","2019",1,
"AME","BLZ","UMI","RPI_MW_PRACT","2019",102.6,
"AME","BLZ","UMI","RPI_RA_LAW","2019",0.75,
"AME","BLZ","UMI","RPI_RA_PRACT","2019",22.2,
"EUR","BIH","UMI","RPI_VAW_LAW","2019",0.5,
"EUR","BIH","UMI","RPI_VAW_ATT","2019",4.8,
"EUR","BIH","UMI","RPI_VAW_PRACT","2019",13.1,
"EUR","BIH","UMI","RPI_FGM_LAW","2019",1,
"EUR","BIH","UMI","RPI_MW_PRACT","2019",106.4,
"EUR","BIH","UMI","RPI_RA_LAW","2019",0,
"EUR","BIH","UMI","RPI_RA_PRACT","2019",9,
"AFR","BWA","UMI","RPI_VAW_LAW","2019",0.75,
"AFR","BWA","UMI","RPI_FGM_LAW","2019",0,
"AFR","BWA","UMI","RPI_MW_PRACT","2019",102.1,
"AFR","BWA","UMI","RPI_RA_LAW","2019",0.25,
"AFR","BWA","UMI","RPI_RA_PRACT","2019",9.6,
"AME","BRA","UMI","RPI_VAW_LAW","2019",0.25,
"AME","BRA","UMI","RPI_VAW_ATT","2019",8.5,
"AME","BRA","UMI","RPI_VAW_PRACT","2019",33.5,
"AME","BRA","UMI","RPI_FGM_LAW","2019",1,
"AME","BRA","UMI","RPI_MW_PRACT","2019",104.7,
"AME","BRA","UMI","RPI_RA_LAW","2019",0.5,
"AME","BRA","UMI","RPI_RA_PRACT","2019",10.8,
"EUR","BGR","UMI","RPI_VAW_LAW","2019",0.75,
"EUR","BGR","UMI","RPI_VAW_ATT","2019",18.2,
"EUR","BGR","UMI","RPI_VAW_PRACT","2019",23,
"EUR","BGR","UMI","RPI_FGM_LAW","2019",1,
"EUR","BGR","UMI","RPI_MW_PRACT","2019",105.8,
"EUR","BGR","UMI","RPI_RA_LAW","2019",0,
"EUR","BGR","UMI","RPI_RA_PRACT","2019",14,
"ASI","CHN","UMI","RPI_VAW_LAW","2019",0.75,
"ASI","CHN","UMI","RPI_VAW_ATT","2019",32.7,
"ASI","CHN","UMI","RPI_FGM_LAW","2019",1,
"ASI","CHN","UMI","RPI_MW_PRACT","2019",115.8,
"ASI","CHN","UMI","RPI_RA_LAW","2019",0,
"ASI","CHN","UMI","RPI_RA_PRACT","2019",4,
"AME","COL","UMI","RPI_VAW_LAW","2019",0.25,
"AME","COL","UMI","RPI_VAW_ATT","2019",11.1,
"AME","COL","UMI","RPI_VAW_PRACT","2019",37.4,
"AME","COL","UMI","RPI_FGM_LAW","2019",1,
"AME","COL","UMI","RPI_MW_PRACT","2019",104.3,
"AME","COL","UMI","RPI_RA_LAW","2019",0.5,
"AME","COL","UMI","RPI_RA_PRACT","2019",6.7,
"AME","CRI","UMI","RPI_VAW_LAW","2019",0.75,
"AME","CRI","UMI","RPI_VAW_ATT","2019",3.5,
"AME","CRI","UMI","RPI_VAW_PRACT","2019",36,
"AME","CRI","UMI","RPI_FGM_LAW","2019",1,
"AME","CRI","UMI","RPI_MW_PRACT","2019",104.8,
"AME","CRI","UMI","RPI_RA_LAW","2019",0.75,
"AME","CRI","UMI","RPI_RA_PRACT","2019",7.6,
"AME","CUB","UMI","RPI_VAW_LAW","2019",0.75,
"AME","CUB","UMI","RPI_VAW_ATT","2019",3.9,
"AME","CUB","UMI","RPI_FGM_LAW","2019",1,
"AME","CUB","UMI","RPI_MW_PRACT","2019",105.6,
"AME","CUB","UMI","RPI_RA_LAW","2019",0,
"AME","CUB","UMI","RPI_RA_PRACT","2019",8,
"AME","DMA","UMI","RPI_VAW_LAW","2019",0.75,
"AME","DMA","UMI","RPI_FGM_LAW","2019",1,
"AME","DMA","UMI","RPI_RA_LAW","2019",0.75,
"AME","DOM","UMI","RPI_VAW_LAW","2019",0.25,
"AME","DOM","UMI","RPI_VAW_ATT","2019",2,
"AME","DOM","UMI","RPI_VAW_PRACT","2019",20.4,
"AME","DOM","UMI","RPI_FGM_LAW","2019",1,
"AME","DOM","UMI","RPI_MW_PRACT","2019",104.2,
"AME","DOM","UMI","RPI_RA_LAW","2019",0.75,
"AME","DOM","UMI","RPI_RA_PRACT","2019",11.4,
"AME","ECU","UMI","RPI_VAW_LAW","2019",0.5,
"AME","ECU","UMI","RPI_VAW_ATT","2019",25.2,
"AME","ECU","UMI","RPI_VAW_PRACT","2019",37.5,
"AME","ECU","UMI","RPI_FGM_LAW","2019",1,
"AME","ECU","UMI","RPI_MW_PRACT","2019",104.7,
"AME","ECU","UMI","RPI_RA_LAW","2019",0.5,
"AME","ECU","UMI","RPI_RA_PRACT","2019",8.8,
"AFR","GNQ","UMI","RPI_VAW_LAW","2019",1,
"AFR","GNQ","UMI","RPI_VAW_ATT","2019",52.6,
"AFR","GNQ","UMI","RPI_VAW_PRACT","2019",56.9,
"AFR","GNQ","UMI","RPI_FGM_LAW","2019",1,
"AFR","GNQ","UMI","RPI_MW_PRACT","2019",102.6,
"AFR","GNQ","UMI","RPI_RA_LAW","2019",0.75,
"AFR","GNQ","UMI","RPI_RA_PRACT","2019",33.8,
"ASI","FJI","UMI","RPI_VAW_LAW","2019",0.75,
"ASI","FJI","UMI","RPI_VAW_ATT","2019",42.6,
"ASI","FJI","UMI","RPI_VAW_PRACT","2019",64.1,
"ASI","FJI","UMI","RPI_FGM_LAW","2019",1,
"ASI","FJI","UMI","RPI_MW_PRACT","2019",105.7,
"ASI","FJI","UMI","RPI_RA_LAW","2019",0.25,
"AFR","GAB","UMI","RPI_VAW_LAW","2019",0.75,
"AFR","GAB","UMI","RPI_VAW_ATT","2019",50.2,
"AFR","GAB","UMI","RPI_VAW_PRACT","2019",48.6,
"AFR","GAB","UMI","RPI_FGM_LAW","2019",0.75,
"AFR","GAB","UMI","RPI_MW_PRACT","2019",102.1,
"AFR","GAB","UMI","RPI_RA_LAW","2019",1,
"AFR","GAB","UMI","RPI_RA_PRACT","2019",26.5,
"AME","GRD","UMI","RPI_VAW_LAW","2019",0.75,
"AME","GRD","UMI","RPI_FGM_LAW","2019",1,
"AME","GRD","UMI","RPI_MW_PRACT","2019",105,
"AME","GRD","UMI","RPI_RA_LAW","2019",0.75,
"AME","GRD","UMI","RPI_RA_PRACT","2019",13,
"AME","GTM","UMI","RPI_VAW_LAW","2019",0.75,
"AME","GTM","UMI","RPI_VAW_ATT","2019",11,
"AME","GTM","UMI","RPI_VAW_PRACT","2019",18,
"AME","GTM","UMI","RPI_FGM_LAW","2019",1,
"AME","GTM","UMI","RPI_MW_PRACT","2019",104.5,
"AME","GTM","UMI","RPI_RA_LAW","2019",0.75,
"AME","GTM","UMI","RPI_RA_PRACT","2019",13.9,
"AME","GUY","UMI","RPI_VAW_LAW","2019",0.75,
"AME","GUY","UMI","RPI_VAW_ATT","2019",10.2,
"AME","GUY","UMI","RPI_FGM_LAW","2019",1,
"AME","GUY","UMI","RPI_MW_PRACT","2019",105,
"AME","GUY","UMI","RPI_RA_LAW","2019",0,
"AME","GUY","UMI","RPI_RA_PRACT","2019",28,
"ASI","IRN","UMI","RPI_VAW_LAW","2019",0.75,
"ASI","IRN","UMI","RPI_VAW_ATT","2019",21,
"ASI","IRN","UMI","RPI_VAW_PRACT","2019",66,
"ASI","IRN","UMI","RPI_FGM_LAW","2019",1,
"ASI","IRN","UMI","RPI_MW_PRACT","2019",103.5,
"ASI","IRN","UMI","RPI_RA_LAW","2019",0.75,
"ASI","IRN","UMI","RPI_RA_PRACT","2019",5.7,
"ASI","IRQ","UMI","RPI_VAW_LAW","2019",0.75,
"ASI","IRQ","UMI","RPI_VAW_ATT","2019",54.8,
"ASI","IRQ","UMI","RPI_VAW_PRACT","2019",21.2,
"ASI","IRQ","UMI","RPI_FGM_LAW","2019",1,
"ASI","IRQ","UMI","RPI_FGM_ATT","2019",4.9,
"ASI","IRQ","UMI","RPI_FGM_PRACT","2019",8.1,
"ASI","IRQ","UMI","RPI_MW_PRACT","2019",105.8,
"ASI","IRQ","UMI","RPI_RA_LAW","2019",0.75,
"ASI","IRQ","UMI","RPI_RA_PRACT","2019",8,
"AME","JAM","UMI","RPI_VAW_LAW","2019",0.75,
"AME","JAM","UMI","RPI_VAW_ATT","2019",4.9,
"AME","JAM","UMI","RPI_VAW_PRACT","2019",19.7,
"AME","JAM","UMI","RPI_FGM_LAW","2019",1,
"AME","JAM","UMI","RPI_MW_PRACT","2019",105.4,
"AME","JAM","UMI","RPI_RA_LAW","2019",0.75,
"AME","JAM","UMI","RPI_RA_PRACT","2019",10,
"ASI","JOR","UMI","RPI_VAW_LAW","2019",0.75,
"ASI","JOR","UMI","RPI_VAW_ATT","2019",18,
"ASI","JOR","UMI","RPI_VAW_PRACT","2019",23.6,
"ASI","JOR","UMI","RPI_FGM_LAW","2019",1,
"ASI","JOR","UMI","RPI_MW_PRACT","2019",104.1,
"ASI","JOR","UMI","RPI_RA_LAW","2019",0.75,
"ASI","JOR","UMI","RPI_RA_PRACT","2019",11.7,
"ASI","KAZ","UMI","RPI_VAW_LAW","2019",0.75,
"ASI","KAZ","UMI","RPI_VAW_ATT","2019",14.2,
"ASI","KAZ","UMI","RPI_VAW_PRACT","2019",16.5,
"ASI","KAZ","UMI","RPI_FGM_LAW","2019",1,
"ASI","KAZ","UMI","RPI_MW_PRACT","2019",105.8,
"ASI","KAZ","UMI","RPI_RA_LAW","2019",0,
"ASI","KAZ","UMI","RPI_RA_PRACT","2019",11.9,
"ASI","LBN","UMI","RPI_VAW_LAW","2019",0.75,
"ASI","LBN","UMI","RPI_VAW_ATT","2019",43.6,
"ASI","LBN","UMI","RPI_VAW_PRACT","2019",10.4,
"ASI","LBN","UMI","RPI_FGM_LAW","2019",1,
"ASI","LBN","UMI","RPI_MW_PRACT","2019",102.6,
"ASI","LBN","UMI","RPI_RA_LAW","2019",0.75,
"ASI","LBN","UMI","RPI_RA_PRACT","2019",13,
"AFR","LBY","UMI","RPI_VAW_LAW","2019",0.75,
"AFR","LBY","UMI","RPI_VAW_ATT","2019",25.1,
"AFR","LBY","UMI","RPI_FGM_LAW","2019",1,
"AFR","LBY","UMI","RPI_MW_PRACT","2019",105.2,
"AFR","LBY","UMI","RPI_RA_LAW","2019",0.75,
"AFR","LBY","UMI","RPI_RA_PRACT","2019",27,
"EUR","MKD","UMI","RPI_VAW_LAW","2019",0.75,
"EUR","MKD","UMI","RPI_VAW_ATT","2019",14.5,
"EUR","MKD","UMI","RPI_VAW_PRACT","2019",27.7,
"EUR","MKD","UMI","RPI_FGM_LAW","2019",1,
"EUR","MKD","UMI","RPI_MW_PRACT","2019",105.3,
"EUR","MKD","UMI","RPI_RA_LAW","2019",0,
"EUR","MKD","UMI","RPI_RA_PRACT","2019",17.2,
"ASI","MYS","UMI","RPI_VAW_LAW","2019",0.75,
"ASI","MYS","UMI","RPI_VAW_ATT","2019",41.5,
"ASI","MYS","UMI","RPI_FGM_LAW","2019",1,
"ASI","MYS","UMI","RPI_MW_PRACT","2019",106.9,
"ASI","MYS","UMI","RPI_RA_LAW","2019",0.75,
"ASI","MYS","UMI","RPI_RA_PRACT","2019",18,
"ASI","MDV","UMI","RPI_VAW_LAW","2019",0.75,
"ASI","MDV","UMI","RPI_VAW_ATT","2019",30.8,
"ASI","MDV","UMI","RPI_VAW_PRACT","2019",19.5,
"ASI","MDV","UMI","RPI_FGM_LAW","2019",1,
"ASI","MDV","UMI","RPI_MW_PRACT","2019",107.8,
"ASI","MDV","UMI","RPI_RA_LAW","2019",0.5,
"ASI","MDV","UMI","RPI_RA_PRACT","2019",28.6,
"AFR","MUS","UMI","RPI_VAW_LAW","2019",0.5,
"AFR","MUS","UMI","RPI_FGM_LAW","2019",1,
"AFR","MUS","UMI","RPI_MW_PRACT","2019",103.9,
"AFR","MUS","UMI","RPI_RA_LAW","2019",0.25,
"AFR","MUS","UMI","RPI_RA_PRACT","2019",12.5,
"AFR","NAM","UMI","RPI_VAW_LAW","2019",0.25,
"AFR","NAM","UMI","RPI_VAW_ATT","2019",28.2,
"AFR","NAM","UMI","RPI_VAW_PRACT","2019",25,
"AFR","NAM","UMI","RPI_FGM_LAW","2019",1,
"AFR","NAM","UMI","RPI_MW_PRACT","2019",101.3,
"AFR","NAM","UMI","RPI_RA_LAW","2019",0.25,
"AFR","NAM","UMI","RPI_RA_PRACT","2019",17.5,
"AME","PRY","UMI","RPI_VAW_LAW","2019",0.5,
"AME","PRY","UMI","RPI_VAW_ATT","2019",22.9,
"AME","PRY","UMI","RPI_VAW_PRACT","2019",17.9,
"AME","PRY","UMI","RPI_FGM_LAW","2019",1,
"AME","PRY","UMI","RPI_MW_PRACT","2019",104,
"AME","PRY","UMI","RPI_RA_LAW","2019",0.75,
"AME","PRY","UMI","RPI_RA_PRACT","2019",12.1,
"AME","PER","UMI","RPI_VAW_LAW","2019",0.75,
"AME","PER","UMI","RPI_VAW_ATT","2019",32.2,
"AME","PER","UMI","RPI_VAW_PRACT","2019",33.2,
"AME","PER","UMI","RPI_FGM_LAW","2019",1,
"AME","PER","UMI","RPI_MW_PRACT","2019",104.2,
"AME","PER","UMI","RPI_RA_LAW","2019",0.75,
"AME","PER","UMI","RPI_RA_PRACT","2019",6,
"EUR","ROU","UMI","RPI_VAW_LAW","2019",0.25,
"EUR","ROU","UMI","RPI_VAW_ATT","2019",7.5,
"EUR","ROU","UMI","RPI_VAW_PRACT","2019",24,
"EUR","ROU","UMI","RPI_FGM_LAW","2019",1,
"EUR","ROU","UMI","RPI_MW_PRACT","2019",105.6,
"EUR","ROU","UMI","RPI_RA_LAW","2019",0,
"EUR","ROU","UMI","RPI_RA_PRACT","2019",10,
"EUR","RUS","UMI","RPI_VAW_LAW","2019",1,
"EUR","RUS","UMI","RPI_VAW_ATT","2019",23.3,
"EUR","RUS","UMI","RPI_VAW_PRACT","2019",19.6,
"EUR","RUS","UMI","RPI_FGM_LAW","2019",1,
"EUR","RUS","UMI","RPI_MW_PRACT","2019",105.6,
"EUR","RUS","UMI","RPI_RA_LAW","2019",0,
"EUR","RUS","UMI","RPI_RA_PRACT","2019",10,
"ASI","WSM","UMI","RPI_VAW_LAW","2019",0.75,
"ASI","WSM","UMI","RPI_VAW_ATT","2019",36.5,
"ASI","WSM","UMI","RPI_VAW_PRACT","2019",46.1,
"ASI","WSM","UMI","RPI_FGM_LAW","2019",1,
"ASI","WSM","UMI","RPI_MW_PRACT","2019",107.8,
"ASI","WSM","UMI","RPI_RA_LAW","2019",0.75,
"ASI","WSM","UMI","RPI_RA_PRACT","2019",34.8,
"AFR","ZAF","UMI","RPI_VAW_LAW","2019",0.5,
"AFR","ZAF","UMI","RPI_VAW_ATT","2019",61.2,
"AFR","ZAF","UMI","RPI_VAW_PRACT","2019",20.6,
"AFR","ZAF","UMI","RPI_FGM_LAW","2019",0.25,
"AFR","ZAF","UMI","RPI_MW_PRACT","2019",102,
"AFR","ZAF","UMI","RPI_RA_LAW","2019",0,
"AFR","ZAF","UMI","RPI_RA_PRACT","2019",14.7,
"ASI","THA","UMI","RPI_VAW_LAW","2019",0.75,
"ASI","THA","UMI","RPI_VAW_ATT","2019",8.6,
"ASI","THA","UMI","RPI_VAW_PRACT","2019",44.2,
"ASI","THA","UMI","RPI_FGM_LAW","2019",1,
"ASI","THA","UMI","RPI_MW_PRACT","2019",105.8,
"ASI","THA","UMI","RPI_RA_LAW","2019",0.5,
"ASI","THA","UMI","RPI_RA_PRACT","2019",6.2,
"ASI","TKM","UMI","RPI_VAW_LAW","2019",0.75,
"ASI","TKM","UMI","RPI_VAW_ATT","2019",26.3,
"ASI","TKM","UMI","RPI_FGM_LAW","2019",0,
"ASI","TKM","UMI","RPI_MW_PRACT","2019",103,
"ASI","TKM","UMI","RPI_RA_LAW","2019",0,
"ASI","TKM","UMI","RPI_RA_PRACT","2019",12.1,
"AME","VEN","UMI","RPI_VAW_LAW","2019",0.25,
"AME","VEN","UMI","RPI_FGM_LAW","2019",1,
"AME","VEN","UMI","RPI_MW_PRACT","2019",104.6,
"AME","VEN","UMI","RPI_RA_LAW","2019",0.75,
"AME","VEN","UMI","RPI_RA_PRACT","2019",11,
"EUR","SRB","UMI","RPI_VAW_LAW","2019",0.25,
"EUR","SRB","UMI","RPI_VAW_ATT","2019",3.8,
"EUR","SRB","UMI","RPI_VAW_PRACT","2019",23.7,
"EUR","SRB","UMI","RPI_FGM_LAW","2019",1,
"EUR","SRB","UMI","RPI_MW_PRACT","2019",104.9,
"EUR","SRB","UMI","RPI_RA_LAW","2019",0,
"EUR","SRB","UMI","RPI_RA_PRACT","2019",14.9,
"EUR","MNE","UMI","RPI_VAW_LAW","2019",0.25,
"EUR","MNE","UMI","RPI_VAW_ATT","2019",2.7,
"EUR","MNE","UMI","RPI_FGM_LAW","2019",1,
"EUR","MNE","UMI","RPI_MW_PRACT","2019",106.9,
"EUR","MNE","UMI","RPI_RA_LAW","2019",0,
"EUR","MNE","UMI","RPI_RA_PRACT","2019",21.8,
"AFR","AGO","LWI","RPI_VAW_LAW","2019",0.75,
"AFR","AGO","LWI","RPI_VAW_ATT","2019",25.2,
"AFR","AGO","LWI","RPI_VAW_PRACT","2019",34.8,
"AFR","AGO","LWI","RPI_FGM_LAW","2019",1,
"AFR","AGO","LWI","RPI_MW_PRACT","2019",100.6,
"AFR","AGO","LWI","RPI_RA_LAW","2019",0,
"AFR","AGO","LWI","RPI_RA_PRACT","2019",38,
"ASI","BGD","LWI","RPI_VAW_LAW","2019",0.75,
"ASI","BGD","LWI","RPI_VAW_ATT","2019",28.3,
"ASI","BGD","LWI","RPI_VAW_PRACT","2019",53.3,
"ASI","BGD","LWI","RPI_FGM_LAW","2019",1,
"ASI","BGD","LWI","RPI_MW_PRACT","2019",104.4,
"ASI","BGD","LWI","RPI_RA_LAW","2019",0.75,
"ASI","BGD","LWI","RPI_RA_PRACT","2019",12,
"ASI","BTN","LWI","RPI_VAW_LAW","2019",0.5,
"ASI","BTN","LWI","RPI_VAW_ATT","2019",68.4,
"ASI","BTN","LWI","RPI_VAW_PRACT","2019",26.5,
"ASI","BTN","LWI","RPI_FGM_LAW","2019",1,
"ASI","BTN","LWI","RPI_MW_PRACT","2019",103.3,
"ASI","BTN","LWI","RPI_RA_LAW","2019",0.5,
"ASI","BTN","LWI","RPI_RA_PRACT","2019",11.7,
"AME","BOL","LWI","RPI_VAW_LAW","2019",0.25,
"AME","BOL","LWI","RPI_VAW_ATT","2019",16.1,
"AME","BOL","LWI","RPI_VAW_PRACT","2019",64.1,
"AME","BOL","LWI","RPI_FGM_LAW","2019",1,
"AME","BOL","LWI","RPI_MW_PRACT","2019",104.1,
"AME","BOL","LWI","RPI_RA_LAW","2019",0.25,
"AME","BOL","LWI","RPI_RA_PRACT","2019",20.1,
"ASI","KHM","LWI","RPI_VAW_LAW","2019",0.5,
"ASI","KHM","LWI","RPI_VAW_ATT","2019",50.4,
"ASI","KHM","LWI","RPI_VAW_PRACT","2019",20.9,
"ASI","KHM","LWI","RPI_FGM_LAW","2019",1,
"ASI","KHM","LWI","RPI_MW_PRACT","2019",104.1,
"ASI","KHM","LWI","RPI_RA_LAW","2019",0,
"ASI","KHM","LWI","RPI_RA_PRACT","2019",12.5,
"AFR","CMR","LWI","RPI_VAW_LAW","2019",0.75,
"AFR","CMR","LWI","RPI_VAW_ATT","2019",36.1,
"AFR","CMR","LWI","RPI_VAW_PRACT","2019",51.1,
"AFR","CMR","LWI","RPI_FGM_LAW","2019",0.5,
"AFR","CMR","LWI","RPI_FGM_ATT","2019",6.6,
"AFR","CMR","LWI","RPI_FGM_PRACT","2019",1.4,
"AFR","CMR","LWI","RPI_MW_PRACT","2019",102,
"AFR","CMR","LWI","RPI_RA_LAW","2019",0.5,
"AFR","CMR","LWI","RPI_RA_PRACT","2019",18,
"AFR","CPV","LWI","RPI_VAW_LAW","2019",0.5,
"AFR","CPV","LWI","RPI_VAW_ATT","2019",17.3,
"AFR","CPV","LWI","RPI_VAW_PRACT","2019",12.6,
"AFR","CPV","LWI","RPI_FGM_LAW","2019",1,
"AFR","CPV","LWI","RPI_MW_PRACT","2019",102.4,
"AFR","CPV","LWI","RPI_RA_LAW","2019",0,
"AFR","CPV","LWI","RPI_RA_PRACT","2019",16.7,
"AFR","COG","LWI","RPI_VAW_LAW","2019",0.75,
"AFR","COG","LWI","RPI_VAW_ATT","2019",54.2,
"AFR","COG","LWI","RPI_FGM_LAW","2019",1,
"AFR","COG","LWI","RPI_MW_PRACT","2019",101.9,
"AFR","COG","LWI","RPI_RA_LAW","2019",1,
"AFR","COG","LWI","RPI_RA_PRACT","2019",17.9,
"AFR","CIV","LWI","RPI_VAW_LAW","2019",0.75,
"AFR","CIV","LWI","RPI_VAW_ATT","2019",47.9,
"AFR","CIV","LWI","RPI_VAW_PRACT","2019",25.9,
"AFR","CIV","LWI","RPI_FGM_LAW","2019",0.25,
"AFR","CIV","LWI","RPI_FGM_ATT","2019",13.8,
"AFR","CIV","LWI","RPI_FGM_PRACT","2019",36.7,
"AFR","CIV","LWI","RPI_MW_PRACT","2019",101.2,
"AFR","CIV","LWI","RPI_RA_LAW","2019",0.75,
"AFR","CIV","LWI","RPI_RA_PRACT","2019",30.5,
"AFR","DJI","LWI","RPI_VAW_LAW","2019",0.5,
"AFR","DJI","LWI","RPI_FGM_LAW","2019",0.25,
"AFR","DJI","LWI","RPI_FGM_ATT","2019",36.6,
"AFR","DJI","LWI","RPI_FGM_PRACT","2019",93.1,
"AFR","DJI","LWI","RPI_MW_PRACT","2019",102.8,
"AFR","DJI","LWI","RPI_RA_LAW","2019",0.75,
"AFR","DJI","LWI","RPI_RA_PRACT","2019",29,
"AFR","EGY","LWI","RPI_VAW_LAW","2019",0.75,
"AFR","EGY","LWI","RPI_VAW_ATT","2019",35.7,
"AFR","EGY","LWI","RPI_FGM_LAW","2019",0.25,
"AFR","EGY","LWI","RPI_FGM_ATT","2019",53.9,
"AFR","EGY","LWI","RPI_FGM_PRACT","2019",87.2,
"AFR","EGY","LWI","RPI_MW_PRACT","2019",106.4,
"AFR","EGY","LWI","RPI_RA_LAW","2019",0.75,
"AFR","EGY","LWI","RPI_RA_PRACT","2019",12.6,
"AME","SLV","LWI","RPI_VAW_LAW","2019",0.5,
"AME","SLV","LWI","RPI_VAW_ATT","2019",7.7,
"AME","SLV","LWI","RPI_VAW_PRACT","2019",26.3,
"AME","SLV","LWI","RPI_FGM_LAW","2019",1,
"AME","SLV","LWI","RPI_MW_PRACT","2019",104.7,
"AME","SLV","LWI","RPI_RA_LAW","2019",1,
"AME","SLV","LWI","RPI_RA_PRACT","2019",11,
"ASI","GEO","LWI","RPI_VAW_LAW","2019",0.75,
"ASI","GEO","LWI","RPI_VAW_ATT","2019",8.6,
"ASI","GEO","LWI","RPI_VAW_PRACT","2019",6.1,
"ASI","GEO","LWI","RPI_FGM_LAW","2019",1,
"ASI","GEO","LWI","RPI_MW_PRACT","2019",108,
"ASI","GEO","LWI","RPI_RA_LAW","2019",0,
"ASI","GEO","LWI","RPI_RA_PRACT","2019",12.3,
"AFR","GHA","LWI","RPI_VAW_LAW","2019",0.75,
"AFR","GHA","LWI","RPI_VAW_ATT","2019",28.3,
"AFR","GHA","LWI","RPI_VAW_PRACT","2019",24.4,
"AFR","GHA","LWI","RPI_FGM_LAW","2019",0.25,
"AFR","GHA","LWI","RPI_FGM_ATT","2019",2.4,
"AFR","GHA","LWI","RPI_FGM_PRACT","2019",3.8,
"AFR","GHA","LWI","RPI_MW_PRACT","2019",104.2,
"AFR","GHA","LWI","RPI_RA_LAW","2019",0.25,
"AFR","GHA","LWI","RPI_RA_PRACT","2019",26.3,
"AME","HND","LWI","RPI_VAW_LAW","2019",0.25,
"AME","HND","LWI","RPI_VAW_ATT","2019",12.4,
"AME","HND","LWI","RPI_VAW_PRACT","2019",21.6,
"AME","HND","LWI","RPI_FGM_LAW","2019",1,
"AME","HND","LWI","RPI_MW_PRACT","2019",104.1,
"AME","HND","LWI","RPI_RA_LAW","2019",1,
"AME","HND","LWI","RPI_RA_PRACT","2019",10.7,
"ASI","IND","LWI","RPI_VAW_LAW","2019",0.5,
"ASI","IND","LWI","RPI_VAW_ATT","2019",22.1,
"ASI","IND","LWI","RPI_VAW_PRACT","2019",28.7,
"ASI","IND","LWI","RPI_FGM_LAW","2019",1,
"ASI","IND","LWI","RPI_MW_PRACT","2019",111.1,
"ASI","IND","LWI","RPI_RA_LAW","2019",0.25,
"ASI","IND","LWI","RPI_RA_PRACT","2019",12.9,
"ASI","IDN","LWI","RPI_VAW_LAW","2019",0.75,
"ASI","IDN","LWI","RPI_VAW_ATT","2019",34.5,
"ASI","IDN","LWI","RPI_VAW_PRACT","2019",18.3,
"ASI","IDN","LWI","RPI_FGM_LAW","2019",1,
"ASI","IDN","LWI","RPI_MW_PRACT","2019",104.3,
"ASI","IDN","LWI","RPI_RA_LAW","2019",0.5,
"ASI","IDN","LWI","RPI_RA_PRACT","2019",14.5,
"AFR","KEN","LWI","RPI_VAW_LAW","2019",0.5,
"AFR","KEN","LWI","RPI_VAW_ATT","2019",41.8,
"AFR","KEN","LWI","RPI_VAW_PRACT","2019",39.4,
"AFR","KEN","LWI","RPI_FGM_LAW","2019",0.25,
"AFR","KEN","LWI","RPI_FGM_ATT","2019",6.2,
"AFR","KEN","LWI","RPI_FGM_PRACT","2019",21,
"AFR","KEN","LWI","RPI_MW_PRACT","2019",102.1,
"AFR","KEN","LWI","RPI_RA_LAW","2019",0.75,
"AFR","KEN","LWI","RPI_RA_PRACT","2019",15.6,
"ASI","KGZ","LWI","RPI_VAW_LAW","2019",0.75,
"ASI","KGZ","LWI","RPI_VAW_ATT","2019",32.8,
"ASI","KGZ","LWI","RPI_VAW_PRACT","2019",25.4,
"ASI","KGZ","LWI","RPI_FGM_LAW","2019",1,
"ASI","KGZ","LWI","RPI_MW_PRACT","2019",105.3,
"ASI","KGZ","LWI","RPI_RA_LAW","2019",0,
"ASI","KGZ","LWI","RPI_RA_PRACT","2019",18,
"ASI","LAO","LWI","RPI_VAW_LAW","2019",0.25,
"ASI","LAO","LWI","RPI_VAW_ATT","2019",58.2,
"ASI","LAO","LWI","RPI_VAW_PRACT","2019",15.3,
"ASI","LAO","LWI","RPI_FGM_LAW","2019",1,
"ASI","LAO","LWI","RPI_MW_PRACT","2019",104.3,
"ASI","LAO","LWI","RPI_RA_LAW","2019",0.75,
"ASI","LAO","LWI","RPI_RA_PRACT","2019",19.9,
"AFR","LSO","LWI","RPI_VAW_LAW","2019",0.75,
"AFR","LSO","LWI","RPI_VAW_ATT","2019",37.1,
"AFR","LSO","LWI","RPI_VAW_PRACT","2019",62,
"AFR","LSO","LWI","RPI_FGM_LAW","2019",1,
"AFR","LSO","LWI","RPI_MW_PRACT","2019",101.4,
"AFR","LSO","LWI","RPI_RA_LAW","2019",0.5,
"AFR","LSO","LWI","RPI_RA_PRACT","2019",18.4,
"AFR","MRT","LWI","RPI_VAW_LAW","2019",0.75,
"AFR","MRT","LWI","RPI_VAW_ATT","2019",26.6,
"AFR","MRT","LWI","RPI_FGM_LAW","2019",0.75,
"AFR","MRT","LWI","RPI_FGM_ATT","2019",36.1,
"AFR","MRT","LWI","RPI_FGM_PRACT","2019",66.6,
"AFR","MRT","LWI","RPI_MW_PRACT","2019",103.7,
"AFR","MRT","LWI","RPI_RA_LAW","2019",1,
"AFR","MRT","LWI","RPI_RA_PRACT","2019",33.6,
"EUR","MDA","LWI","RPI_VAW_LAW","2019",0.25,
"EUR","MDA","LWI","RPI_VAW_ATT","2019",11.2,
"EUR","MDA","LWI","RPI_VAW_PRACT","2019",45.5,
"EUR","MDA","LWI","RPI_FGM_LAW","2019",1,
"EUR","MDA","LWI","RPI_MW_PRACT","2019",106.7,
"EUR","MDA","LWI","RPI_RA_LAW","2019",0,
"EUR","MDA","LWI","RPI_RA_PRACT","2019",9.5,
"ASI","MNG","LWI","RPI_VAW_LAW","2019",0.25,
"ASI","MNG","LWI","RPI_VAW_ATT","2019",10.1,
"ASI","MNG","LWI","RPI_VAW_PRACT","2019",31.2,
"ASI","MNG","LWI","RPI_FGM_LAW","2019",1,
"ASI","MNG","LWI","RPI_MW_PRACT","2019",102.6,
"ASI","MNG","LWI","RPI_RA_LAW","2019",0,
"ASI","MNG","LWI","RPI_RA_PRACT","2019",16,
"AFR","MAR","LWI","RPI_VAW_LAW","2019",0.75,
"AFR","MAR","LWI","RPI_VAW_ATT","2019",22,
"AFR","MAR","LWI","RPI_VAW_PRACT","2019",30,
"AFR","MAR","LWI","RPI_FGM_LAW","2019",1,
"AFR","MAR","LWI","RPI_MW_PRACT","2019",105,
"AFR","MAR","LWI","RPI_RA_LAW","2019",0.75,
"AFR","MAR","LWI","RPI_RA_PRACT","2019",8,
"ASI","MMR","LWI","RPI_VAW_LAW","2019",0.75,
"ASI","MMR","LWI","RPI_VAW_ATT","2019",51.2,
"ASI","MMR","LWI","RPI_VAW_PRACT","2019",33,
"ASI","MMR","LWI","RPI_FGM_LAW","2019",1,
"ASI","MMR","LWI","RPI_MW_PRACT","2019",101.4,
"ASI","MMR","LWI","RPI_RA_LAW","2019",0.75,
"ASI","MMR","LWI","RPI_RA_PRACT","2019",16.2,
"AME","NIC","LWI","RPI_VAW_LAW","2019",0.25,
"AME","NIC","LWI","RPI_VAW_ATT","2019",13.7,
"AME","NIC","LWI","RPI_VAW_PRACT","2019",22.5,
"AME","NIC","LWI","RPI_FGM_LAW","2019",1,
"AME","NIC","LWI","RPI_MW_PRACT","2019",104.5,
"AME","NIC","LWI","RPI_RA_LAW","2019",1,
"AME","NIC","LWI","RPI_RA_PRACT","2019",14.6,
"AFR","NGA","LWI","RPI_VAW_LAW","2019",0.75,
"AFR","NGA","LWI","RPI_VAW_ATT","2019",34.7,
"AFR","NGA","LWI","RPI_VAW_PRACT","2019",16.2,
"AFR","NGA","LWI","RPI_FGM_LAW","2019",0.5,
"AFR","NGA","LWI","RPI_FGM_ATT","2019",21.6,
"AFR","NGA","LWI","RPI_FGM_PRACT","2019",18.4,
"AFR","NGA","LWI","RPI_MW_PRACT","2019",105,
"AFR","NGA","LWI","RPI_RA_LAW","2019",0.75,
"AFR","NGA","LWI","RPI_RA_PRACT","2019",27.6,
"ASI","PSE","LWI","RPI_VAW_LAW","2019",0.75,
"ASI","PSE","LWI","RPI_VAW_ATT","2019",38.7,
"ASI","PSE","LWI","RPI_FGM_LAW","2019",1,
"ASI","PSE","LWI","RPI_MW_PRACT","2019",104.5,
"ASI","PSE","LWI","RPI_RA_LAW","2019",0.5,
"ASI","PSE","LWI","RPI_RA_PRACT","2019",10.9,
"ASI","PAK","LWI","RPI_VAW_LAW","2019",0.5,
"ASI","PAK","LWI","RPI_VAW_ATT","2019",42.2,
"ASI","PAK","LWI","RPI_VAW_PRACT","2019",85,
"ASI","PAK","LWI","RPI_FGM_LAW","2019",1,
"ASI","PAK","LWI","RPI_MW_PRACT","2019",107.8,
"ASI","PAK","LWI","RPI_RA_LAW","2019",0.75,
"ASI","PAK","LWI","RPI_RA_PRACT","2019",20.1,
"ASI","PNG","LWI","RPI_VAW_LAW","2019",0.75,
"ASI","PNG","LWI","RPI_FGM_LAW","2019",1,
"ASI","PNG","LWI","RPI_MW_PRACT","2019",107.1,
"ASI","PNG","LWI","RPI_RA_LAW","2019",0.75,
"ASI","PNG","LWI","RPI_RA_PRACT","2019",27.4,
"ASI","PHL","LWI","RPI_VAW_LAW","2019",0.75,
"ASI","PHL","LWI","RPI_VAW_ATT","2019",12.9,
"ASI","PHL","LWI","RPI_VAW_PRACT","2019",16.9,
"ASI","PHL","LWI","RPI_FGM_LAW","2019",0.25,
"ASI","PHL","LWI","RPI_MW_PRACT","2019",105.4,
"ASI","PHL","LWI","RPI_RA_LAW","2019",0.75,
"ASI","PHL","LWI","RPI_RA_PRACT","2019",17.5,
"AFR","STP","LWI","RPI_VAW_LAW","2019",0.5,
"AFR","STP","LWI","RPI_VAW_ATT","2019",19.1,
"AFR","STP","LWI","RPI_VAW_PRACT","2019",27.9,
"AFR","STP","LWI","RPI_FGM_LAW","2019",1,
"AFR","STP","LWI","RPI_MW_PRACT","2019",101.8,
"AFR","STP","LWI","RPI_RA_LAW","2019",0,
"AFR","STP","LWI","RPI_RA_PRACT","2019",33.7,
"ASI","SLB","LWI","RPI_VAW_LAW","2019",0.5,
"ASI","SLB","LWI","RPI_VAW_ATT","2019",76.7,
"ASI","SLB","LWI","RPI_VAW_PRACT","2019",63.5,
"ASI","SLB","LWI","RPI_FGM_LAW","2019",1,
"ASI","SLB","LWI","RPI_MW_PRACT","2019",106.5,
"ASI","SLB","LWI","RPI_RA_LAW","2019",0.75,
"ASI","SLB","LWI","RPI_RA_PRACT","2019",34.7,
"ASI","LKA","LWI","RPI_VAW_LAW","2019",0.5,
"ASI","LKA","LWI","RPI_VAW_ATT","2019",53.2,
"ASI","LKA","LWI","RPI_VAW_PRACT","2019",16.6,
"ASI","LKA","LWI","RPI_FGM_LAW","2019",1,
"ASI","LKA","LWI","RPI_MW_PRACT","2019",103.1,
"ASI","LKA","LWI","RPI_RA_LAW","2019",0.75,
"ASI","LKA","LWI","RPI_RA_PRACT","2019",7.5,
"AFR","SDN","LWI","RPI_VAW_LAW","2019",0.75,
"AFR","SDN","LWI","RPI_VAW_ATT","2019",34,
"AFR","SDN","LWI","RPI_FGM_LAW","2019",0.25,
"AFR","SDN","LWI","RPI_FGM_ATT","2019",40.9,
"AFR","SDN","LWI","RPI_FGM_PRACT","2019",86.6,
"AFR","SDN","LWI","RPI_MW_PRACT","2019",103.4,
"AFR","SDN","LWI","RPI_RA_LAW","2019",0.5,
"AFR","SDN","LWI","RPI_RA_PRACT","2019",26.6,
"AFR","SWZ","LWI","RPI_VAW_LAW","2019",0.75,
"AFR","SWZ","LWI","RPI_VAW_ATT","2019",19.9,
"AFR","SWZ","LWI","RPI_FGM_LAW","2019",1,
"AFR","SWZ","LWI","RPI_MW_PRACT","2019",101.3,
"AFR","SWZ","LWI","RPI_RA_LAW","2019",0.75,
"AFR","SWZ","LWI","RPI_RA_PRACT","2019",15.2,
"ASI","TLS","LWI","RPI_VAW_LAW","2019",0.5,
"ASI","TLS","LWI","RPI_VAW_ATT","2019",86.2,
"ASI","TLS","LWI","RPI_VAW_PRACT","2019",58.8,
"ASI","TLS","LWI","RPI_FGM_LAW","2019",1,
"ASI","TLS","LWI","RPI_MW_PRACT","2019",104.1,
"ASI","TLS","LWI","RPI_RA_LAW","2019",0.75,
"ASI","TLS","LWI","RPI_RA_PRACT","2019",25.3,
"AFR","TUN","LWI","RPI_VAW_LAW","2019",0.5,
"AFR","TUN","LWI","RPI_VAW_ATT","2019",18.6,
"AFR","TUN","LWI","RPI_VAW_PRACT","2019",20.3,
"AFR","TUN","LWI","RPI_FGM_LAW","2019",1,
"AFR","TUN","LWI","RPI_MW_PRACT","2019",104.7,
"AFR","TUN","LWI","RPI_RA_LAW","2019",0,
"AFR","TUN","LWI","RPI_RA_PRACT","2019",7,
"EUR","UKR","LWI","RPI_VAW_LAW","2019",0.75,
"EUR","UKR","LWI","RPI_VAW_ATT","2019",2.9,
"EUR","UKR","LWI","RPI_VAW_PRACT","2019",13.2,
"EUR","UKR","LWI","RPI_FGM_LAW","2019",1,
"EUR","UKR","LWI","RPI_MW_PRACT","2019",106.3,
"EUR","UKR","LWI","RPI_RA_LAW","2019",0,
"EUR","UKR","LWI","RPI_RA_PRACT","2019",4.9,
"ASI","UZB","LWI","RPI_VAW_LAW","2019",0.75,
"ASI","UZB","LWI","RPI_VAW_ATT","2019",41.5,
"ASI","UZB","LWI","RPI_FGM_LAW","2019",1,
"ASI","UZB","LWI","RPI_MW_PRACT","2019",107.1,
"ASI","UZB","LWI","RPI_RA_LAW","2019",0,
"ASI","UZB","LWI","RPI_RA_PRACT","2019",13.7,
"ASI","VNM","LWI","RPI_VAW_LAW","2019",0.75,
"ASI","VNM","LWI","RPI_VAW_ATT","2019",28.2,
"ASI","VNM","LWI","RPI_VAW_PRACT","2019",34.4,
"ASI","VNM","LWI","RPI_FGM_LAW","2019",1,
"ASI","VNM","LWI","RPI_MW_PRACT","2019",111.4,
"ASI","VNM","LWI","RPI_RA_LAW","2019",0,
"ASI","VNM","LWI","RPI_RA_PRACT","2019",6.6,
"AFR","ZMB","LWI","RPI_VAW_LAW","2019",0.5,
"AFR","ZMB","LWI","RPI_VAW_ATT","2019",46.9,
"AFR","ZMB","LWI","RPI_VAW_PRACT","2019",42.7,
"AFR","ZMB","LWI","RPI_FGM_LAW","2019",0.75,
"AFR","ZMB","LWI","RPI_MW_PRACT","2019",101.8,
"AFR","ZMB","LWI","RPI_RA_LAW","2019",0.75,
"AFR","ZMB","LWI","RPI_RA_PRACT","2019",21.1,
"EUR","XKO","LWI","RPI_VAW_LAW","2019",0.75,
"EUR","XKO","LWI","RPI_FGM_LAW","2019",1,
"EUR","XKO","LWI","RPI_RA_LAW","2019",0,
"ASI","AFG","LOI","RPI_VAW_LAW","2019",0.75,
"ASI","AFG","LOI","RPI_VAW_ATT","2019",80.2,
"ASI","AFG","LOI","RPI_VAW_PRACT","2019",60.8,
"ASI","AFG","LOI","RPI_FGM_LAW","2019",1,
"ASI","AFG","LOI","RPI_MW_PRACT","2019",106,
"ASI","AFG","LOI","RPI_RA_LAW","2019",0.75,
"ASI","AFG","LOI","RPI_RA_PRACT","2019",39.1,
"AFR","BEN","LOI","RPI_VAW_LAW","2019",0.5,
"AFR","BEN","LOI","RPI_VAW_ATT","2019",36,
"AFR","BEN","LOI","RPI_VAW_PRACT","2019",68.6,
"AFR","BEN","LOI","RPI_FGM_LAW","2019",0.25,
"AFR","BEN","LOI","RPI_FGM_ATT","2019",3.4,
"AFR","BEN","LOI","RPI_FGM_PRACT","2019",9.2,
"AFR","BEN","LOI","RPI_MW_PRACT","2019",103.1,
"AFR","BEN","LOI","RPI_RA_LAW","2019",0.5,
"AFR","BEN","LOI","RPI_RA_PRACT","2019",33.1,
"AFR","BFA","LOI","RPI_VAW_LAW","2019",0.75,
"AFR","BFA","LOI","RPI_VAW_ATT","2019",43.5,
"AFR","BFA","LOI","RPI_VAW_PRACT","2019",11.5,
"AFR","BFA","LOI","RPI_FGM_LAW","2019",0.25,
"AFR","BFA","LOI","RPI_FGM_ATT","2019",9.3,
"AFR","BFA","LOI","RPI_FGM_PRACT","2019",75.8,
"AFR","BFA","LOI","RPI_MW_PRACT","2019",103.5,
"AFR","BFA","LOI","RPI_RA_LAW","2019",0.5,
"AFR","BFA","LOI","RPI_RA_PRACT","2019",29.1,
"AFR","BDI","LOI","RPI_VAW_LAW","2019",0.5,
"AFR","BDI","LOI","RPI_VAW_ATT","2019",72.9,
"AFR","BDI","LOI","RPI_VAW_PRACT","2019",46.7,
"AFR","BDI","LOI","RPI_FGM_LAW","2019",0,
"AFR","BDI","LOI","RPI_MW_PRACT","2019",101.2,
"AFR","BDI","LOI","RPI_RA_LAW","2019",0.75,
"AFR","BDI","LOI","RPI_RA_PRACT","2019",29.7,
"AFR","CAF","LOI","RPI_VAW_LAW","2019",0.25,
"AFR","CAF","LOI","RPI_VAW_ATT","2019",79.6,
"AFR","CAF","LOI","RPI_VAW_PRACT","2019",29.8,
"AFR","CAF","LOI","RPI_FGM_LAW","2019",0.25,
"AFR","CAF","LOI","RPI_FGM_ATT","2019",11.3,
"AFR","CAF","LOI","RPI_FGM_PRACT","2019",24.2,
"AFR","CAF","LOI","RPI_MW_PRACT","2019",100.2,
"AFR","CAF","LOI","RPI_RA_LAW","2019",0.25,
"AFR","CAF","LOI","RPI_RA_PRACT","2019",27,
"AFR","TCD","LOI","RPI_VAW_LAW","2019",0.75,
"AFR","TCD","LOI","RPI_VAW_ATT","2019",73.5,
"AFR","TCD","LOI","RPI_VAW_PRACT","2019",28.6,
"AFR","TCD","LOI","RPI_FGM_LAW","2019",0.25,
"AFR","TCD","LOI","RPI_FGM_ATT","2019",29.1,
"AFR","TCD","LOI","RPI_FGM_PRACT","2019",38.4,
"AFR","TCD","LOI","RPI_MW_PRACT","2019",101.7,
"AFR","TCD","LOI","RPI_RA_LAW","2019",0.25,
"AFR","TCD","LOI","RPI_RA_PRACT","2019",22.9,
"AFR","COM","LOI","RPI_VAW_LAW","2019",0.75,
"AFR","COM","LOI","RPI_VAW_ATT","2019",39,
"AFR","COM","LOI","RPI_VAW_PRACT","2019",6.4,
"AFR","COM","LOI","RPI_FGM_LAW","2019",1,
"AFR","COM","LOI","RPI_MW_PRACT","2019",103.9,
"AFR","COM","LOI","RPI_RA_LAW","2019",0.75,
"AFR","COM","LOI","RPI_RA_PRACT","2019",32.3,
"AFR","COD","LOI","RPI_VAW_LAW","2019",0.75,
"AFR","COD","LOI","RPI_VAW_ATT","2019",74.8,
"AFR","COD","LOI","RPI_VAW_PRACT","2019",50.7,
"AFR","COD","LOI","RPI_FGM_LAW","2019",0.25,
"AFR","COD","LOI","RPI_MW_PRACT","2019",102,
"AFR","COD","LOI","RPI_RA_LAW","2019",0.75,
"AFR","COD","LOI","RPI_RA_PRACT","2019",27.7,
"AFR","ERI","LOI","RPI_VAW_LAW","2019",0.75,
"AFR","ERI","LOI","RPI_VAW_ATT","2019",51.4,
"AFR","ERI","LOI","RPI_FGM_LAW","2019",0.75,
"AFR","ERI","LOI","RPI_FGM_ATT","2019",12.2,
"AFR","ERI","LOI","RPI_FGM_PRACT","2019",83,
"AFR","ERI","LOI","RPI_MW_PRACT","2019",104.3,
"AFR","ERI","LOI","RPI_RA_LAW","2019",0.5,
"AFR","ERI","LOI","RPI_RA_PRACT","2019",27.4,
"AFR","ETH","LOI","RPI_VAW_LAW","2019",0.5,
"AFR","ETH","LOI","RPI_VAW_ATT","2019",63,
"AFR","ETH","LOI","RPI_VAW_PRACT","2019",28,
"AFR","ETH","LOI","RPI_FGM_LAW","2019",0.25,
"AFR","ETH","LOI","RPI_FGM_ATT","2019",17.5,
"AFR","ETH","LOI","RPI_FGM_PRACT","2019",65.2,
"AFR","ETH","LOI","RPI_MW_PRACT","2019",103,
"AFR","ETH","LOI","RPI_RA_LAW","2019",0.25,
"AFR","ETH","LOI","RPI_RA_PRACT","2019",22.8,
"AFR","GMB","LOI","RPI_VAW_LAW","2019",0.5,
"AFR","GMB","LOI","RPI_VAW_ATT","2019",58.4,
"AFR","GMB","LOI","RPI_VAW_PRACT","2019",20.1,
"AFR","GMB","LOI","RPI_FGM_LAW","2019",0.25,
"AFR","GMB","LOI","RPI_FGM_ATT","2019",65,
"AFR","GMB","LOI","RPI_FGM_PRACT","2019",74.9,
"AFR","GMB","LOI","RPI_MW_PRACT","2019",102,
"AFR","GMB","LOI","RPI_RA_LAW","2019",0.75,
"AFR","GMB","LOI","RPI_RA_PRACT","2019",24.9,
"AFR","GIN","LOI","RPI_VAW_LAW","2019",0.75,
"AFR","GIN","LOI","RPI_VAW_ATT","2019",92.1,
"AFR","GIN","LOI","RPI_VAW_PRACT","2019",80,
"AFR","GIN","LOI","RPI_FGM_LAW","2019",0.25,
"AFR","GIN","LOI","RPI_FGM_ATT","2019",67.2,
"AFR","GIN","LOI","RPI_FGM_PRACT","2019",96.8,
"AFR","GIN","LOI","RPI_MW_PRACT","2019",101.2,
"AFR","GIN","LOI","RPI_RA_LAW","2019",0.5,
"AFR","GIN","LOI","RPI_RA_PRACT","2019",27.6,
"AFR","GNB","LOI","RPI_VAW_LAW","2019",0.75,
"AFR","GNB","LOI","RPI_VAW_ATT","2019",41.8,
"AFR","GNB","LOI","RPI_FGM_LAW","2019",0.75,
"AFR","GNB","LOI","RPI_FGM_ATT","2019",12.8,
"AFR","GNB","LOI","RPI_FGM_PRACT","2019",44.9,
"AFR","GNB","LOI","RPI_MW_PRACT","2019",100.8,
"AFR","GNB","LOI","RPI_RA_LAW","2019",1,
"AFR","GNB","LOI","RPI_RA_PRACT","2019",22.3,
"AME","HTI","LOI","RPI_VAW_LAW","2019",0.75,
"AME","HTI","LOI","RPI_VAW_ATT","2019",58.9,
"AME","HTI","LOI","RPI_VAW_PRACT","2019",20.8,
"AME","HTI","LOI","RPI_FGM_LAW","2019",1,
"AME","HTI","LOI","RPI_MW_PRACT","2019",104,
"AME","HTI","LOI","RPI_RA_LAW","2019",1,
"AME","HTI","LOI","RPI_RA_PRACT","2019",38,
"AFR","LBR","LOI","RPI_VAW_LAW","2019",0.75,
"AFR","LBR","LOI","RPI_VAW_ATT","2019",42.5,
"AFR","LBR","LOI","RPI_VAW_PRACT","2019",38.5,
"AFR","LBR","LOI","RPI_FGM_LAW","2019",1,
"AFR","LBR","LOI","RPI_FGM_ATT","2019",39.3,
"AFR","LBR","LOI","RPI_FGM_PRACT","2019",49.8,
"AFR","LBR","LOI","RPI_MW_PRACT","2019",104.4,
"AFR","LBR","LOI","RPI_RA_LAW","2019",0.25,
"AFR","LBR","LOI","RPI_RA_PRACT","2019",31.1,
"AFR","MDG","LOI","RPI_VAW_LAW","2019",0.5,
"AFR","MDG","LOI","RPI_VAW_ATT","2019",45.2,
"AFR","MDG","LOI","RPI_VAW_PRACT","2019",30,
"AFR","MDG","LOI","RPI_FGM_LAW","2019",1,
"AFR","MDG","LOI","RPI_MW_PRACT","2019",102.4,
"AFR","MDG","LOI","RPI_RA_LAW","2019",1,
"AFR","MDG","LOI","RPI_RA_PRACT","2019",19,
"AFR","MWI","LOI","RPI_VAW_LAW","2019",0.5,
"AFR","MWI","LOI","RPI_VAW_ATT","2019",16.3,
"AFR","MWI","LOI","RPI_VAW_PRACT","2019",37.5,
"AFR","MWI","LOI","RPI_FGM_LAW","2019",1,
"AFR","MWI","LOI","RPI_MW_PRACT","2019",102.2,
"AFR","MWI","LOI","RPI_RA_LAW","2019",0.75,
"AFR","MWI","LOI","RPI_RA_PRACT","2019",18.7,
"AFR","MLI","LOI","RPI_VAW_LAW","2019",0.75,
"AFR","MLI","LOI","RPI_VAW_ATT","2019",72.6,
"AFR","MLI","LOI","RPI_VAW_PRACT","2019",34.6,
"AFR","MLI","LOI","RPI_FGM_LAW","2019",1,
"AFR","MLI","LOI","RPI_FGM_ATT","2019",75.2,
"AFR","MLI","LOI","RPI_FGM_PRACT","2019",82.7,
"AFR","MLI","LOI","RPI_MW_PRACT","2019",103.7,
"AFR","MLI","LOI","RPI_RA_LAW","2019",0.5,
"AFR","MLI","LOI","RPI_RA_PRACT","2019",17.2,
"AFR","MOZ","LOI","RPI_VAW_LAW","2019",0.75,
"AFR","MOZ","LOI","RPI_VAW_ATT","2019",22.9,
"AFR","MOZ","LOI","RPI_VAW_PRACT","2019",21.7,
"AFR","MOZ","LOI","RPI_FGM_LAW","2019",0.75,
"AFR","MOZ","LOI","RPI_MW_PRACT","2019",101.5,
"AFR","MOZ","LOI","RPI_RA_LAW","2019",0,
"AFR","MOZ","LOI","RPI_RA_PRACT","2019",23.1,
"ASI","NPL","LOI","RPI_VAW_LAW","2019",0.25,
"ASI","NPL","LOI","RPI_VAW_ATT","2019",42.9,
"ASI","NPL","LOI","RPI_VAW_PRACT","2019",25,
"ASI","NPL","LOI","RPI_FGM_LAW","2019",1,
"ASI","NPL","LOI","RPI_MW_PRACT","2019",105.9,
"ASI","NPL","LOI","RPI_RA_LAW","2019",0,
"ASI","NPL","LOI","RPI_RA_PRACT","2019",23.7,
"AFR","NER","LOI","RPI_VAW_LAW","2019",0.75,
"AFR","NER","LOI","RPI_VAW_ATT","2019",59.6,
"AFR","NER","LOI","RPI_FGM_LAW","2019",0.25,
"AFR","NER","LOI","RPI_FGM_ATT","2019",5.6,
"AFR","NER","LOI","RPI_FGM_PRACT","2019",2,
"AFR","NER","LOI","RPI_MW_PRACT","2019",104.3,
"AFR","NER","LOI","RPI_RA_LAW","2019",0.75,
"AFR","NER","LOI","RPI_RA_PRACT","2019",21,
"AFR","RWA","LOI","RPI_VAW_LAW","2019",0.5,
"AFR","RWA","LOI","RPI_VAW_ATT","2019",41.4,
"AFR","RWA","LOI","RPI_VAW_PRACT","2019",34.4,
"AFR","RWA","LOI","RPI_FGM_LAW","2019",1,
"AFR","RWA","LOI","RPI_MW_PRACT","2019",100.6,
"AFR","RWA","LOI","RPI_RA_LAW","2019",0.5,
"AFR","RWA","LOI","RPI_RA_PRACT","2019",18.9,
"AFR","SEN","LOI","RPI_VAW_LAW","2019",0.5,
"AFR","SEN","LOI","RPI_VAW_ATT","2019",56.5,
"AFR","SEN","LOI","RPI_VAW_PRACT","2019",78,
"AFR","SEN","LOI","RPI_FGM_LAW","2019",0.25,
"AFR","SEN","LOI","RPI_FGM_ATT","2019",17.4,
"AFR","SEN","LOI","RPI_FGM_PRACT","2019",23.5,
"AFR","SEN","LOI","RPI_MW_PRACT","2019",102.7,
"AFR","SEN","LOI","RPI_RA_LAW","2019",1,
"AFR","SEN","LOI","RPI_RA_PRACT","2019",23.6,
"AFR","SLE","LOI","RPI_VAW_LAW","2019",0.5,
"AFR","SLE","LOI","RPI_VAW_ATT","2019",62.8,
"AFR","SLE","LOI","RPI_VAW_PRACT","2019",45.3,
"AFR","SLE","LOI","RPI_FGM_LAW","2019",1,
"AFR","SLE","LOI","RPI_FGM_ATT","2019",69.2,
"AFR","SLE","LOI","RPI_FGM_PRACT","2019",89.6,
"AFR","SLE","LOI","RPI_MW_PRACT","2019",100.5,
"AFR","SLE","LOI","RPI_RA_LAW","2019",0.75,
"AFR","SLE","LOI","RPI_RA_PRACT","2019",25,
"AFR","SOM","LOI","RPI_VAW_LAW","2019",0.5,
"AFR","SOM","LOI","RPI_VAW_ATT","2019",75.7,
"AFR","SOM","LOI","RPI_FGM_LAW","2019",0.75,
"AFR","SOM","LOI","RPI_FGM_ATT","2019",64.5,
"AFR","SOM","LOI","RPI_FGM_PRACT","2019",97.9,
"AFR","SOM","LOI","RPI_MW_PRACT","2019",101.7,
"AFR","SOM","LOI","RPI_RA_LAW","2019",0.75,
"AFR","SOM","LOI","RPI_RA_PRACT","2019",29,
"ASI","SYR","LOI","RPI_VAW_LAW","2019",0.75,
"ASI","SYR","LOI","RPI_FGM_LAW","2019",1,
"ASI","SYR","LOI","RPI_MW_PRACT","2019",105.2,
"ASI","SYR","LOI","RPI_RA_LAW","2019",0.75,
"ASI","SYR","LOI","RPI_RA_PRACT","2019",16.4,
"ASI","TJK","LOI","RPI_VAW_LAW","2019",0.75,
"ASI","TJK","LOI","RPI_VAW_ATT","2019",59.6,
"ASI","TJK","LOI","RPI_VAW_PRACT","2019",20.3,
"ASI","TJK","LOI","RPI_FGM_LAW","2019",1,
"ASI","TJK","LOI","RPI_MW_PRACT","2019",105.5,
"ASI","TJK","LOI","RPI_RA_LAW","2019",0,
"ASI","TJK","LOI","RPI_RA_PRACT","2019",22.9,
"AFR","TZA","LOI","RPI_VAW_LAW","2019",0.75,
"AFR","TZA","LOI","RPI_VAW_ATT","2019",58,
"AFR","TZA","LOI","RPI_VAW_PRACT","2019",41.7,
"AFR","TZA","LOI","RPI_FGM_LAW","2019",0.5,
"AFR","TZA","LOI","RPI_FGM_ATT","2019",2.7,
"AFR","TZA","LOI","RPI_FGM_PRACT","2019",10,
"AFR","TZA","LOI","RPI_MW_PRACT","2019",102.3,
"AFR","TZA","LOI","RPI_RA_LAW","2019",0.5,
"AFR","TZA","LOI","RPI_RA_PRACT","2019",22.1,
"AFR","TGO","LOI","RPI_VAW_LAW","2019",0.75,
"AFR","TGO","LOI","RPI_VAW_ATT","2019",28.7,
"AFR","TGO","LOI","RPI_VAW_PRACT","2019",22.1,
"AFR","TGO","LOI","RPI_FGM_LAW","2019",0.25,
"AFR","TGO","LOI","RPI_FGM_ATT","2019",1.4,
"AFR","TGO","LOI","RPI_FGM_PRACT","2019",4.7,
"AFR","TGO","LOI","RPI_MW_PRACT","2019",100.6,
"AFR","TGO","LOI","RPI_RA_LAW","2019",0.5,
"AFR","TGO","LOI","RPI_RA_PRACT","2019",33.6,
"AFR","UGA","LOI","RPI_VAW_LAW","2019",0.75,
"AFR","UGA","LOI","RPI_VAW_ATT","2019",58.3,
"AFR","UGA","LOI","RPI_VAW_PRACT","2019",49.9,
"AFR","UGA","LOI","RPI_FGM_LAW","2019",0.5,
"AFR","UGA","LOI","RPI_FGM_ATT","2019",8.7,
"AFR","UGA","LOI","RPI_FGM_PRACT","2019",1.4,
"AFR","UGA","LOI","RPI_MW_PRACT","2019",101.9,
"AFR","UGA","LOI","RPI_RA_LAW","2019",0.75,
"AFR","UGA","LOI","RPI_RA_PRACT","2019",29.6,
"ASI","YEM","LOI","RPI_VAW_LAW","2019",0.75,
"ASI","YEM","LOI","RPI_VAW_ATT","2019",48.7,
"ASI","YEM","LOI","RPI_VAW_PRACT","2019",67,
"ASI","YEM","LOI","RPI_FGM_LAW","2019",1,
"ASI","YEM","LOI","RPI_FGM_ATT","2019",18.8,
"ASI","YEM","LOI","RPI_FGM_PRACT","2019",18.5,
"ASI","YEM","LOI","RPI_MW_PRACT","2019",104.4,
"ASI","YEM","LOI","RPI_RA_LAW","2019",0.75,
"ASI","YEM","LOI","RPI_RA_PRACT","2019",28.7,
"AFR","ZWE","LOI","RPI_VAW_LAW","2019",0.5,
"AFR","ZWE","LOI","RPI_VAW_ATT","2019",38.7,
"AFR","ZWE","LOI","RPI_VAW_PRACT","2019",35.4,
"AFR","ZWE","LOI","RPI_FGM_LAW","2019",0,
"AFR","ZWE","LOI","RPI_MW_PRACT","2019",101,
"AFR","ZWE","LOI","RPI_RA_LAW","2019",0.5,
"AFR","ZWE","LOI","RPI_RA_PRACT","2019",10.4,
"AFR","SSD","LOI","RPI_VAW_LAW","2019",0.75,
"AFR","SSD","LOI","RPI_VAW_ATT","2019",78.5,
"AFR","SSD","LOI","RPI_FGM_LAW","2019",0.25,
"AFR","SSD","LOI","RPI_MW_PRACT","2019",103,
"AFR","SSD","LOI","RPI_RA_LAW","2019",0.75,
"AFR","SSD","LOI","RPI_RA_PRACT","2019",26.3,
